{
	"info": {
		"_postman_id": "0a5a71d0-f5b0-46be-a75d-0302d6e7a40d",
		"name": "scn_micro_finance",
		"schema": "https://schema.getpostman.com/json/collection/v2.1.0/collection.json",
		"_exporter_id": "23361546"
	},
	"item": [
		{
			"name": "login",
			"item": [
				{
					"name": "Login",
					"request": {
						"method": "POST",
						"header": [],
						"body": {
							"mode": "raw",
							"raw": "{\r\n    \"username\": \"superadmin\",\r\n    \"password\": \"123\"\r\n}",
							"options": {
								"raw": {
									"language": "json"
								}
							}
						},
						"url": {
							"raw": "localhost:1500/api/login/",
							"host": [
								"localhost"
							],
							"port": "1500",
							"path": [
								"api",
								"login",
								""
							]
						}
					},
					"response": []
				}
			]
		},
		{
			"name": "user",
			"item": [
				{
					"name": "register_user",
					"request": {
						"method": "POST",
						"header": [],
						"body": {
							"mode": "raw",
							"raw": "{\r\n    \"full_name\": \"123f\",\r\n    \"user_name\": \"ffff\",\r\n    \"user_password\": \"123f\",\r\n    \"role\": \"1\",\r\n    \"depart\": \"1\",\r\n    \"add_by\": \"1\"\r\n}",
							"options": {
								"raw": {
									"language": "json"
								}
							}
						},
						"url": {
							"raw": "localhost:1500/api/register/",
							"host": [
								"localhost"
							],
							"port": "1500",
							"path": [
								"api",
								"register",
								""
							]
						}
					},
					"response": []
				}
			]
		},
		{
			"name": "dropdown",
			"item": [
				{
					"name": "depart",
					"item": [
						{
							"name": "depart",
							"request": {
								"auth": {
									"type": "bearer",
									"bearer": [
										{
											"key": "token",
											"value": "eyJhbGciOiJIUzI1NiIsInR5cCI6IkpXVCJ9.eyJkZXBhcnRfaWQiOjIsImlhdCI6MTcwMTMxODYzNH0.2rw59Tcn2dtkFuzCX0plebRmf6vXmyoHNG80paDyIZ4",
											"type": "string"
										}
									]
								},
								"method": "POST",
								"header": [
									{
										"key": "",
										"value": "",
										"type": "text"
									}
								],
								"url": {
									"raw": "localhost:1500/api/dropdown/depart/",
									"host": [
										"localhost"
									],
									"port": "1500",
									"path": [
										"api",
										"dropdown",
										"depart",
										""
									]
								}
							},
							"response": []
						}
					]
				}
			]
		}
	]
}